{
  "fit_1": {
    "var_nm": ["hum"],
    "sub_dir": ["fine", "coarse_resampled"],
    "at": ["2023-04-23 04:18:33"],
    "file": ["hum_2023-04-22.20.49.18.nc"],
    "daily_n": [5],
    "yearly_n": [5],
    "knots": ["2005-11-15 01:00:00", "2008-08-05 23:00:00", "2011-04-27 21:00:00", "2014-01-16 21:00:00", "2016-10-07 19:00:00", "2019-06-29 17:00:00", "2022-03-20 17:00:00"],
    "train": {
      "start": ["2005-11-15 01:00:00"],
      "end": ["2022-03-20 17:00:00"],
      "length": [71637],
      "n": [67537]
    }
  }
}
