{
  "fit_1": {
    "var_nm": ["pcp", "pcp_total"],
    "sub_dir": ["fine", "coarse_resampled"],
    "at": ["2023-04-23 03:49:21"],
    "file": ["pcp_2023-04-22.20.49.18.nc"],
    "daily_n": [5],
    "yearly_n": [5],
    "knots": ["2006-11-16 11:00:00", "2009-08-07 09:00:00", "2012-04-28 07:00:00", "2015-01-18 07:00:00", "2017-10-09 05:00:00", "2020-06-30 03:00:00", "2023-03-22 03:00:00"],
    "train": {
      "start": ["2006-11-16 11:00:00"],
      "end": ["2023-03-22 03:00:00"],
      "length": [71637],
      "n": [67492]
    }
  }
}
