{
  "fit_1": {
    "var_nm": ["tmp"],
    "sub_dir": ["fine", "fine_lts", "coarse_resampled"],
    "at": ["2023-04-23 04:01:03"],
    "file": ["tmp_2023-04-22.20.49.18.nc"],
    "daily_n": [5],
    "yearly_n": [5],
    "knots": ["2006-11-22 07:00:00", "2009-08-13 05:00:00", "2012-05-04 03:00:00", "2015-01-24 03:00:00", "2017-10-15 01:00:00", "2020-07-05 23:00:00", "2023-03-27 23:00:00"],
    "train": {
      "start": ["2006-11-22 07:00:00"],
      "end": ["2023-03-27 23:00:00"],
      "length": [71637],
      "n": [67739]
    }
  }
}
