{
  "fit_1": {
    "var_nm": ["wnd_u"],
    "sub_dir": ["fine", "coarse_resampled"],
    "at": ["2023-04-23 04:34:41"],
    "file": ["wnd_u_2023-04-22.20.49.18.nc"],
    "daily_n": [5],
    "yearly_n": [5],
    "knots": ["2006-01-18 19:00:00", "2008-10-09 17:00:00", "2011-07-01 15:00:00", "2014-03-22 15:00:00", "2016-12-11 13:00:00", "2019-09-02 11:00:00", "2022-05-24 11:00:00"],
    "train": {
      "start": ["2006-01-18 19:00:00"],
      "end": ["2022-05-24 11:00:00"],
      "length": [71637],
      "n": [67565]
    }
  }
}
