{
  "fit_1": {
    "var_nm": ["wnd_v"],
    "sub_dir": ["fine", "coarse_resampled"],
    "at": ["2023-04-23 04:49:56"],
    "file": ["wnd_v_2023-04-22.20.49.18.nc"],
    "daily_n": [5],
    "yearly_n": [5],
    "knots": ["2006-09-17 01:00:00", "2009-06-07 23:00:00", "2012-02-27 21:00:00", "2014-11-18 21:00:00", "2017-08-09 19:00:00", "2020-04-30 17:00:00", "2023-01-20 17:00:00"],
    "train": {
      "start": ["2006-09-17 01:00:00"],
      "end": ["2023-01-20 17:00:00"],
      "length": [71637],
      "n": [67684]
    }
  }
}
